{
    "CF": {
        "Micro f1": 0.8872458410351202,
        "Macro f1": 0.879981460615501
    },
    "CL": {
        "NMI": 0.2620400317541172,
        "ARI": 0.21634261917319336,
        "Purity": 0.5217648508750308,
        "silhouette": -0.015905678272247314
    }
}