{
    "CF": {
        "Micro f1": 0.8887861983980283,
        "Macro f1": 0.8808672359793219
    },
    "CL": {
        "NMI": 0.21816175943135585,
        "ARI": 0.16505515531376305,
        "Purity": 0.4808232684249446,
        "silhouette": -0.010226579383015633
    }
}